{
  "siren": [
    {
      "question": "<ruby>筋<rt>きん</rt></ruby>トレに<ruby>武器<rt>ぶき</rt></ruby>の<ruby>準備<rt>じゅんび</rt></ruby>に、やることがいっぱい！何から始める？",
      "ans_1": "できそうなことから始めてみる",
      "ans_2": "とりあえず大の字でね転ぶ",
      "ans_3": "できそうなことから始めてみるべし"
    },
    {
      "question": "トレーニングはいつやる？",
      "ans_1": "取り組む時間を決めてやる",
      "ans_2": "やる気になったらやる",
      "ans_3": "取り組む時間を決めてやるべし"
    },
    {
      "question": "何もできず気がついたら夕方だった。<ruby>明日<rt>あす</rt></ruby>からどうする？",
      "ans_1": "何時に何をするか予定を立てる",
      "ans_2": "<ruby>明日<rt>あす</rt></ruby>のことは<ruby>明日<rt>あす</rt></ruby>になったら考える",
      "ans_3": "何時に何をするか予定を立てるべし"
    },
    {
      "question": "<ruby>桃太郎<rt>ももたろう</rt></ruby>との決戦がいつなのかわからなくなった。どうする？",
      "ans_1": "わからないことは<ruby>確認<rt>かくにん</rt></ruby>してメモしておく",
      "ans_2": "決戦日をさいころで勝手に決める",
      "ans_3": "わからないことは<ruby>確認<rt>かくにん</rt></ruby>してメモしておくべし"
    },
    {
      "question": "<ruby>金棒<rt>かなぼう</rt></ruby>を使うのが他の<ruby>鬼<rt>おに</rt></ruby>よりニガテかも…。どうする？",
      "ans_1": "ニガテなことは毎日少しずつ練習する",
      "ans_2": "新しい<ruby>金棒<rt>かなぼう</rt></ruby>に買いかえる",
      "ans_3": "ニガテなことは毎日少しずつ練習するべし"
    },
    {
      "question": "決戦当日のことを考えると、とても不安。どうする？",
      "ans_1": "本番をイメージして練習する",
      "ans_2": "ドキドキダンスをおどる",
      "ans_3": "本番をイメージして練習するべし"
    },
    {
      "question": "<ruby>明日<rt>あす</rt></ruby>は決戦だけど、ずっと遊んでいたい。どうする？",
      "ans_1": "遊びをやめる時間を決める",
      "ans_2": "自分の心にまかせて遊ぶ",
      "ans_3": "遊びをやめる時間を決めるべし"
    },
    {
      "question": "ねる時間になったが、まだまだ元気！どうする？",
      "ans_1": "夜ふかしはせずに、早めにふとんに入る",
      "ans_2": "テンション<ruby>鬼<rt>おに</rt></ruby>マックス！夜中に<ruby>筋<rt>きん</rt></ruby>トレする",
      "ans_3": "夜ふかしはせずに、早めにふとんに入るべし"
    },
    {
      "question": "起きてからずっとねむくて元気が出ない。どうする？",
      "ans_1": "朝日を浴びて目を覚ます",
      "ans_2": "元気が出ないからふとんにもどる",
      "ans_3": "朝日を浴びて目を覚ますべし"
    },
    {
      "question": "朝の<ruby>準備<rt>じゅんび</rt></ruby>でいつもバタバタ！どうするべき？",
      "ans_1": "早起きして、<ruby>余<rt>よ</rt></ruby>ゆうをもって<ruby>支度<rt>したく</rt></ruby>する",
      "ans_2": "お<ruby>母<rt>かあ</rt></ruby>さんに全部やってもらう",
      "ans_3": "早起きして、<ruby>余<rt>よ</rt></ruby>ゆうをもって<ruby>支度<rt>したく</rt></ruby>するべし"
    },
    {
      "question": "朝ご飯を食べるのが面どうくさい。どうする？",
      "ans_1": "朝食は、<ruby>簡単<rt>かんたん</rt></ruby>なものでもよいので食べておく",
      "ans_2": "水を飲んでごまかす",
      "ans_3": "朝食は、<ruby>簡単<rt>かんたん</rt></ruby>なものでもよいので食べておくべし"
    },
    {
      "question": "あわてて出発<ruby>準備<rt>じゅんび</rt></ruby>！わすれ物をしちゃった！<ruby>明日<rt>あす</rt></ruby>からどうする？",
      "ans_1": "前日に持ち物の<ruby>準備<rt>じゅんび</rt></ruby>をしておく",
      "ans_2": "わすれ物を気のせいにする",
      "ans_3": "前日に持ち物の<ruby>準備<rt>じゅんび</rt></ruby>をしておくべし"
    },
    {
      "question": "周りに強そうな<ruby>鬼<rt>おに</rt></ruby>がいっぱいできん帳する。どうする？",
      "ans_1": "<ruby>深呼吸<rt>しんこきゅう</rt></ruby>して気持ちを落ち着かせる",
      "ans_2": "他の<ruby>鬼<rt>おに</rt></ruby>の後ろにかくれてビクビクする",
      "ans_3": "<ruby>深呼吸<rt>しんこきゅう</rt></ruby>して気持ちを落ち着かせるべし"
    },
    {
      "question": "いよいよ、決戦が始まった。まずは何をするべき？",
      "ans_1": "はっきりと名前を名乗る",
      "ans_2": "戦わずに自分の角をピカピカにみがく",
      "ans_3": "はっきりと名前を書くべし"
    },
    {
      "question": "決戦時間は３０分間！どのように時間を使う？",
      "ans_1": "時間の使い方を考えて取り組む",
      "ans_2": "出たとこ勝負でいく",
      "ans_3": "時間の使い方を考えて取り組むべし"
    },
    {
      "question": "サル・イヌ・キジと、戦う相手がいっぱい！どうする？",
      "ans_1": "戦えそうな相手から戦う",
      "ans_2": "決戦に参加せずダッシュでにげる",
      "ans_3": "<ruby>解<rt>と</rt></ruby>けそうな問題から取り組むべし"
    },
    {
      "question": "相手との１対１の対戦だ。何に注意して取り組めばよい？",
      "ans_1": "しっかりと相手の動きを見る",
      "ans_2": "にらめっこをして笑かす",
      "ans_3": "しっかりと問題を読むべし"
    },
    {
      "question": "決戦の残り時間はあとわずか。どう<ruby>過<rt>す</rt></ruby>ごそう？",
      "ans_1": "<ruby>敵<rt>てき</rt></ruby>が残っていないかを<ruby>確認<rt>かくにん</rt></ruby>する",
      "ans_2": "地面に落書きをして時間をつぶす",
      "ans_3": "<ruby>解<rt>と</rt></ruby>き<ruby>残<rt>のこ</rt></ruby>しがないかを<ruby>確認<rt>かくにん</rt></ruby>するべし"
    },
    {
      "question": "「どうせ<ruby>桃太郎<rt>ももたろう</rt></ruby>には勝てない」とみんなはあきらめモード。どうする？",
      "ans_1": "声かけをしてはげまし合いをする",
      "ans_2": "チームを<ruby>解散<rt>かいさん</rt></ruby>し、自分もあきらめる",
      "ans_3": "声かけをしてはげまし合いをするべし"
    },
    {
      "question": "意見がバラバラでけんかになってしまいそう。どうしよう？",
      "ans_1": "意見を<ruby>一人<rt>ひとり</rt></ruby>ずつ聞いて話し合う",
      "ans_2": "自分も口げんかに参加する",
      "ans_3": "意見を<ruby>一人<rt>ひとり</rt></ruby>ずつ聞いて話し合うべし"
    },
    {
      "question": "みんなの意見をもとに作戦を考えたい。どうするべき？",
      "ans_1": "意見をまとめて<ruby>方針<rt>ほうしん</rt></ruby>を決める",
      "ans_2": "それぞれ好きな作戦でつっこむ",
      "ans_3": "意見をまとめて<ruby>方針<rt>ほうしん</rt></ruby>を決めるべし"
    },
    {
      "question": "最年少<ruby>鬼<rt>おに</rt></ruby>がチームの輪に入れていない。どうする？",
      "ans_1": "年下の子をやさしくサポートする",
      "ans_2": "ついてこられない子は置いていく",
      "ans_3": "年下の子をやさしくサポートするべし"
    },
    {
      "question": "練習をさぼっている<ruby>鬼<rt>おに</rt></ruby>がいる。どうするべき？",
      "ans_1": "手本になるよう行動で示す",
      "ans_2": "いっしょにさぼる",
      "ans_3": "手本になるよう行動で示すべし"
    },
    {
      "question": "みんながサルにこうげき！だれも<ruby>桃太郎<rt>ももたろう</rt></ruby>の相手をしていない。どうするべき？",
      "ans_1": "チームで相談して<ruby>役割<rt>やくわり</rt></ruby>を決めておく",
      "ans_2": "みんないっしょでラッキーと思う",
      "ans_3": "チームで相談して<ruby>役割<rt>やくわり</rt></ruby>を決めておくべし"
    },
    {
      "question": "リーダーとして、自分に何ができるかわからなくなってきた。どうする？",
      "ans_1": "自分の<ruby>得意<rt>とくい</rt></ruby>なこと・苦手なことを考えてみる",
      "ans_2": "なやんでもむだだから考えるのをやめる",
      "ans_3": "自分の<ruby>得意<rt>とくい</rt></ruby>なこと・苦手なことを考えてみるべし"
    },
    {
      "question": "チームのメンバーにどの<ruby>役割<rt>やくわり</rt></ruby>をお願いするかなやみ中。どうやって決める？",
      "ans_1": "それぞれの良いところを生かせるようにする",
      "ans_2": "あみだくじで<ruby>適当<rt>てきとう</rt></ruby>に決める",
      "ans_3": "それぞれの良いところを生かせるようにするべし"
    },
    {
      "question": "他の<ruby>鬼<rt>おに</rt></ruby>のほうがリーダーに向いているかも…と自信がなくなってきた。どうする？",
      "ans_1": "人と<ruby>比<rt>くら</rt></ruby>べず自分と向き合う",
      "ans_2": "ちがう<ruby>鬼<rt>おに</rt></ruby>にリーダーの<ruby>役割<rt>やくわり</rt></ruby>をおしつける",
      "ans_3": "人と<ruby>比<rt>くら</rt></ruby>べず自分と向き合うべし"
    },
    {
      "question": "大失敗してしまった。はずかしくてリーダーをやめたい。どうする？",
      "ans_1": "「失敗は成功の<ruby>素<rt>もと</rt></ruby>」と前向きに考える",
      "ans_2": "はずかしいからすみでじっとする",
      "ans_3": "「失敗は成功の<ruby>素<rt>もと</rt></ruby>」と前向きに考えるべし"
    },
    {
      "question": "決戦の日が近づいてきた。チームのやる気を高めるために何をする？",
      "ans_1": "チームの目標を決めて<ruby>団結力<rt>だんけつりょく</rt></ruby>をアップさせる",
      "ans_2": "みんなであと何日か数えてふるえる",
      "ans_3": "チームの目標を決めて<ruby>団結力<rt>だんけつりょく</rt></ruby>をアップさせるべし"
    },
    {
      "question": "決戦の場所・時間・それぞれの<ruby>役割<rt>やくわり</rt></ruby>を決めたがこれでよいか<ruby>迷<rt>まよ</rt></ruby>ってきた。どうする？",
      "ans_1": "リーダーとしてしっかり<ruby>決断<rt>けつだん</rt></ruby>する",
      "ans_2": "決めた<ruby>内容<rt>ないよう</rt></ruby>を全てわすれて、くじ引きで決め直す",
      "ans_3": "リーダーとしてしっかり<ruby>決断<rt>けつだん</rt></ruby>するべし"
    }
  ]
}
